ticker,cur,pxusd,tier,nS,sumS,sqS,nC,sumC,sqC
SHEL.L,GBp,44.22,mid,50,-116.729,989.011,731,-189.361,2186.052
AZN.L,GBp,160.51,large,13,4.363,36.532,860,-210.941,1264.830
HSBA.L,GBp,20.63,mid,24,15.254,82.695,992,-242.105,1717.646
ULVR.L,GBp,63.01,mid,10,2.215,31.271,983,-359.264,1216.297
BP.L,GBp,6.98,small,15,-12.357,18.203,973,-278.274,1722.870
RIO.L,GBp,101.57,large,14,-9.155,14.463,972,-195.165,1510.252
GSK.L,GBp,26.45,mid,15,9.402,30.628,976,-246.212,1445.745
DGE.L,GBp,24.15,mid,15,0.095,22.745,981,-376.809,1232.844
BATS.L,GBp,59.65,mid,23,7.961,63.372,805,-214.322,1088.345
GLEN.L,GBp,7.52,small,16,-18.543,21.559,380,-78.710,589.454
REL.L,GBp,35.44,mid,5,2.210,11.999,972,-202.230,1999.541
LSEG.L,GBp,120.35,large,27,1.173,71.464,638,-78.808,1086.148
NG.L,GBp,16.19,small,8,-3.562,8.769,798,-206.737,1372.623
RKT.L,GBp,71.59,mid,28,7.387,63.173,974,-302.643,1460.218
VOD.L,GBp,1.63,micro,39,-23.018,73.340,964,-994.021,2585.142
BARC.L,GBp,6.96,small,21,3.563,44.144,974,-330.420,1732.191
LLOY.L,GBp,1.55,micro,18,-12.965,29.326,786,-779.419,2020.032
PRU.L,GBp,14.09,small,3,-1.719,1.769,971,-335.467,1623.544
AAL.L,GBp,54.27,mid,9,-4.868,7.972,714,-114.837,1078.485
TSCO.L,GBp,6.41,small,36,-23.181,50.140,972,-445.220,1599.829
IMB.L,GBp,37.66,mid,21,0.872,32.450,746,-285.012,1143.562
CPG.L,USD,32.19,mid,9,-1.522,1.686,671,-249.909,800.336
BA.L,GBp,29.95,mid,22,-6.860,27.728,984,-175.791,1585.202
STAN.L,GBp,29.94,mid,22,-10.883,38.834,997,-203.524,1961.954
NWG.L,GBp,9.61,small,23,4.153,38.454,979,-228.390,1622.970
HLN.L,GBp,4.98,micro,0,0.000,0.000,82,-45.775,132.947
SGE.L,GBp,14.15,small,29,-30.201,56.553,939,-485.939,2479.705
INF.L,GBp,12.20,small,22,-3.490,37.617,683,-258.301,1114.505
WPP.L,GBp,5.55,small,16,2.580,21.894,798,-222.468,1191.796
ANTO.L,GBp,53.71,mid,96,-17.016,230.261,986,-80.198,2185.837
FRES.L,GBp,38.64,mid,10,-4.015,14.327,442,-87.472,632.669
SSE.L,GBp,32.25,mid,32,-14.338,91.967,910,-263.765,1463.604
AV.L,GBp,9.61,small,11,-5.783,18.665,975,-376.597,1728.123
LGEN.L,GBp,4.27,micro,3,-1.680,3.967,974,-607.222,3227.963
ABF.L,GBp,28.74,mid,17,-4.651,30.239,987,-260.266,1708.035
WTB.L,GBp,33.96,mid,25,-0.058,37.335,979,-254.270,1574.972
ITRK.L,GBp,78.80,mid,6,3.398,8.278,606,-152.085,900.430
SMIN.L,GBp,36.40,mid,16,-5.318,39.460,976,-215.600,1698.170
HL.L,,,skip,0,0,0,0,0,0
JD.L,GBp,1.28,micro,137,-203.829,875.009,757,-1380.861,20825.542
NXT.L,GBp,211.63,large,18,6.038,50.131,995,-218.679,1641.452
CRDA.L,GBp,44.05,mid,58,10.265,105.080,968,-134.836,1845.143
MNDI.L,GBp,12.43,small,14,0.276,19.285,474,-124.496,665.402
PSN.L,GBp,15.74,small,94,10.950,279.052,981,-168.843,1921.492
BDEV.L,,,skip,0,0,0,0,0,0
RTO.L,GBp,4.86,micro,21,-12.853,28.135,968,-569.371,2058.223
DCC.L,GBp,86.01,mid,3,0.529,0.263,686,-177.382,959.200
BNZL.L,GBp,38.72,mid,34,10.367,87.738,983,-207.360,1770.631
SVT.L,GBp,42.39,mid,26,-6.370,35.743,924,-281.316,1261.494
UU.L,GBp,19.38,small,21,-6.184,36.882,939,-207.213,1439.258
SGRO.L,GBp,12.95,small,54,-19.025,151.808,978,-365.048,1923.570
LAND.L,GBp,9.64,small,17,-11.377,23.172,982,-306.798,1629.248
BLND.L,GBp,5.98,small,21,-5.562,32.855,980,-201.822,1699.947
CCH.L,GBp,66.92,mid,3,0.336,8.228,319,-65.745,482.928
WEIR.L,GBp,36.73,mid,69,-37.999,185.064,978,-160.631,1893.012
HWDN.L,GBp,11.33,small,53,-14.308,126.288,885,-212.264,1645.911
HSX.L,GBp,24.68,mid,25,9.682,86.783,667,-109.251,943.030
BEZ.L,GBp,17.41,small,15,-3.815,18.349,588,-183.933,869.582
DPLM.L,GBp,103.89,large,107,11.807,291.250,989,-204.832,1870.796
MRO.L,GBp,6.55,small,13,0.288,27.512,570,-142.531,876.438
RMV.L,GBp,6.38,small,12,-11.696,14.348,509,-232.750,700.414
AUTO.L,GBp,7.03,small,0,0.000,0.000,278,-83.901,416.880
PSON.L,GBp,16.51,small,17,10.054,12.965,970,-177.661,1777.650
SDR.L,GBp,7.88,small,19,-5.113,43.681,963,-422.975,2227.743
SN.L,GBp,15.02,small,14,-1.121,16.817,925,-240.322,1395.426
SMDS.L,,,skip,0,0,0,0,0,0
GAW.L,GBp,254.74,large,113,16.441,206.346,819,-114.115,1455.996
IWG.L,GBp,2.56,micro,63,14.042,136.371,630,-217.708,1108.275
GRG.L,GBp,25.88,mid,140,-242.758,3159.065,935,-731.897,4547.129
BKG.L,GBp,48.92,mid,107,-69.074,176.353,976,-57.313,2181.830
BAB.L,GBp,16.01,small,93,18.141,296.427,958,-46.834,1969.553
MGGT.L,,,skip,0,0,0,0,0,0
SPX.L,GBp,101.19,large,135,46.574,445.869,977,-223.530,2736.141
HIK.L,GBp,22.63,mid,27,-19.374,26.881,538,-54.994,893.694
CTEC.L,GBp,3.14,micro,7,-8.990,11.573,214,-81.706,359.649
EDV.L,GBp,54.59,mid,27,41.338,141.004,182,-36.307,332.702
ENT.L,GBp,7.35,small,71,-21.911,76.076,534,-96.352,934.664
FLTR.L,GBp,102.38,large,18,-3.078,15.423,704,-108.074,1113.313
IHG.L,USD,158.00,large,0,0.000,0.000,598,-182.539,868.284
III.L,GBp,38.68,mid,16,5.182,27.534,804,-253.569,1090.221
JMAT.L,GBp,29.25,mid,58,-34.274,100.324,976,-185.512,1917.898
KGF.L,GBp,4.42,micro,9,-1.365,4.501,903,-470.363,1858.086
LMP.L,GBp,2.63,micro,20,-15.390,75.469,489,-359.865,1403.233
PHNX.L,,,skip,0,0,0,0,0,0
POLY.L,,,skip,0,0,0,0,0,0
QLT.L,GBp,2.70,micro,4,6.747,11.627,165,-33.074,273.846
RS1.L,GBp,10.03,small,35,-0.660,42.237,993,-257.148,1789.324
SBRY.L,GBp,4.76,micro,14,-13.691,26.823,992,-529.069,1958.399
SThree.L,,,skip,0,0,0,0,0,0
TATE.L,GBp,7.46,small,79,-10.201,200.545,970,-344.882,1617.962
UTG.L,GBp,7.18,small,33,2.319,44.546,676,-201.588,898.895
VTY.L,GBp,3.83,micro,66,-19.194,183.924,726,-315.623,1242.718
WIZZ.L,GBp,14.77,small,20,-4.397,24.252,281,-78.703,391.024
SAP.DE,EUR,205.76,large,15,-11.202,15.272,720,-144.281,1042.856
SIE.DE,EUR,323.51,large,10,-11.141,12.461,766,-154.608,1130.324
ALV.DE,EUR,501.21,large,19,-7.867,16.440,747,-119.940,1342.014
DTE.DE,EUR,33.58,mid,19,-4.516,46.709,769,-169.501,1213.573
AIR.DE,EUR,247.08,large,19,3.472,30.489,698,-189.360,1038.999
MBG.DE,EUR,54.44,mid,29,-17.641,31.541,739,-143.083,1072.301
BMW.DE,EUR,69.12,mid,16,4.610,25.567,759,-150.859,1128.240
BAS.DE,EUR,59.54,mid,16,-9.964,21.893,776,-191.629,1070.565
BAYN.DE,EUR,57.59,mid,26,11.825,79.853,738,-122.943,1152.090
VOW3.DE,EUR,88.24,mid,38,-16.172,49.705,717,-35.383,1113.910
ADS.DE,EUR,189.68,large,28,7.677,70.281,725,-100.797,1172.638
MRK.DE,EUR,166.09,large,8,11.786,37.674,703,-182.603,1001.174
DB1.DE,EUR,316.92,large,28,-27.640,31.140,646,-144.163,950.077
IFX.DE,EUR,71.78,mid,40,-6.429,62.012,699,-144.199,1094.449
MUV2.DE,EUR,595.91,large,14,-12.317,14.363,687,-144.230,1074.781
DHL.DE,EUR,63.96,mid,11,-5.528,17.899,666,-128.568,999.519
RWE.DE,EUR,65.00,mid,18,-12.247,18.671,766,-100.068,1148.847
EOAN.DE,EUR,22.00,mid,15,2.915,11.575,658,-133.564,993.394
HEN3.DE,EUR,92.27,mid,18,1.485,29.617,727,-193.076,986.534
BEI.DE,EUR,93.88,mid,9,-7.853,11.327,722,-218.064,944.449
CON.DE,EUR,78.97,mid,34,2.150,61.711,734,-176.017,1066.519
DBK.DE,EUR,38.03,mid,18,11.407,58.782,756,-137.202,1198.684
VNA.DE,EUR,24.34,mid,3,-0.233,1.520,321,-109.153,471.081
HNR1.DE,EUR,293.21,large,3,2.350,7.537,665,-155.910,1033.472
SY1.DE,EUR,106.28,large,6,-3.844,3.007,481,-112.021,695.973
PAH3.DE,EUR,33.70,mid,17,16.261,44.865,438,-16.068,716.579
ZAL.DE,EUR,28.45,mid,14,-9.237,14.637,283,-15.431,469.485
MTX.DE,EUR,428.72,large,10,-0.899,18.033,546,-176.643,787.266
FRE.DE,EUR,54.41,mid,30,-7.934,35.440,701,-130.638,1104.189
SHL.DE,EUR,45.68,mid,4,-0.479,0.094,190,-50.708,278.657
HEI.DE,EUR,185.98,large,30,-1.521,32.586,708,-192.460,934.508
PUM.DE,EUR,31.34,mid,15,-2.539,16.778,773,-172.893,1179.306
AFX.DE,EUR,34.57,mid,39,7.329,44.898,662,-81.347,1027.865
SRT3.DE,EUR,268.47,large,11,-3.502,12.832,693,-113.264,1170.325
EVK.DE,EUR,20.82,mid,12,-2.280,22.998,315,-74.554,441.781
LEG.DE,EUR,61.05,mid,6,2.449,3.889,343,-38.947,539.591
BOSS.DE,EUR,43.87,mid,57,-45.593,156.853,678,-107.234,1155.363
LHA.DE,EUR,9.65,small,43,10.161,68.658,759,-172.652,1155.748
G24.DE,EUR,86.02,mid,6,2.473,2.047,259,-74.069,376.666
NEM.DE,EUR,70.07,mid,47,29.017,164.775,701,-99.851,1150.225
PSM.DE,EUR,4.49,micro,28,-0.005,58.487,633,-190.002,1056.088
TEG.DE,EUR,16.02,small,25,-5.805,27.390,658,-114.639,1057.474
1COV.DE,EUR,,skip,0,0,0,0,0,0
AIXA.DE,EUR,46.38,mid,33,0.855,35.300,735,-19.726,1134.525
DUE.DE,EUR,20.95,mid,46,1.656,85.025,711,-67.837,1095.506
FRA.DE,EUR,77.35,mid,19,8.473,42.226,639,-159.514,889.190
GXI.DE,EUR,30.41,mid,16,-5.675,13.641,474,-93.310,705.314
JEN.DE,EUR,45.23,mid,42,-6.227,67.921,710,-4.838,1218.418
KGX.DE,EUR,47.12,mid,9,-5.331,6.091,314,-59.958,502.190
NDA.DE,EUR,200.83,large,25,-20.143,23.397,715,-99.661,1170.071
SDF.DE,EUR,16.70,small,29,-1.490,41.775,713,-87.745,1139.740
SZG.DE,EUR,60.70,mid,15,27.277,78.390,691,-135.846,1048.042
WCH.DE,EUR,108.34,large,14,-4.704,20.446,515,-9.637,860.109
WAF.DE,EUR,90.36,mid,8,3.327,13.559,268,-39.608,419.440
MC.PA,EUR,554.98,large,5,-0.532,1.667,681,-151.498,1048.735
OR.PA,EUR,446.18,large,7,2.587,2.393,676,-168.700,804.077
RMS.PA,EUR,1890.97,large,21,-0.741,25.313,680,-61.719,1156.223
TTE.PA,EUR,85.66,mid,21,-1.303,25.064,701,-57.163,1095.068
SAN.PA,EUR,87.07,mid,25,12.398,62.006,654,-106.390,931.052
AI.PA,EUR,199.31,large,8,-8.892,9.886,693,-198.122,849.249
SU.PA,EUR,351.14,large,7,2.164,6.351,682,-170.117,958.523
EL.PA,EUR,199.21,large,4,-0.480,11.631,672,-219.269,866.306
CS.PA,EUR,52.09,mid,32,-9.413,16.799,903,-159.134,1415.526
BNP.PA,EUR,130.00,large,41,20.691,133.035,843,-137.207,1314.864
DG.PA,EUR,144.93,large,4,-2.200,4.828,679,-155.103,1071.686
SAF.PA,EUR,413.23,large,23,11.674,18.222,677,-190.940,916.506
BN.PA,EUR,78.88,mid,35,3.353,109.649,953,-155.954,1488.810
KER.PA,EUR,331.43,large,19,2.931,31.254,696,-109.809,1031.586
ENGI.PA,EUR,30.89,mid,21,-6.545,21.806,665,-116.768,1004.453
VIE.PA,EUR,40.69,mid,26,-15.810,19.203,665,-116.824,1050.565
ORA.PA,EUR,19.03,small,20,-8.729,22.431,683,-55.614,1080.854
ACA.PA,EUR,22.67,mid,22,13.074,21.724,623,-98.422,952.705
GLE.PA,EUR,97.03,mid,26,14.160,54.116,695,-83.323,1070.725
STLA.PA,,,skip,0,0,0,0,0,0
CAP.PA,EUR,126.32,large,20,-5.823,37.217,658,-102.352,1091.417
PUB.PA,EUR,115.62,large,8,1.125,19.966,666,-95.510,1098.354
LR.PA,EUR,162.10,large,6,-4.704,4.458,512,-152.783,703.130
HO.PA,EUR,306.16,large,26,-17.999,28.759,680,-99.375,946.502
ML.PA,EUR,39.96,mid,14,-14.256,16.794,694,-164.718,1033.206
RI.PA,EUR,81.30,mid,11,12.996,49.069,658,-127.240,992.549
DSY.PA,EUR,25.73,mid,12,13.348,32.248,681,-167.154,1019.291
ATO.PA,EUR,36.65,mid,27,17.515,66.115,697,-85.279,1128.672
EN.PA,EUR,56.24,mid,25,-8.552,22.948,891,-184.500,1375.088
SGO.PA,EUR,98.79,mid,10,-1.545,12.037,679,-195.253,967.260
VIV.PA,EUR,1.99,micro,22,-12.783,35.054,696,-679.138,1957.090
AC.PA,EUR,54.11,mid,13,2.389,28.488,666,-94.603,1057.834
BVI.PA,EUR,32.79,mid,15,14.513,42.601,475,-111.471,775.947
EDEN.PA,EUR,33.44,mid,11,11.732,57.963,402,-93.208,582.409
ERF.PA,EUR,80.70,mid,25,6.072,28.665,736,-97.198,1275.766
FGR.PA,EUR,142.85,large,19,-7.888,33.613,683,-167.441,1045.468
GET.PA,EUR,21.46,mid,31,-1.479,51.760,483,-91.575,732.633
ALO.PA,EUR,19.26,small,27,-3.189,49.228,523,-66.812,835.485
AKE.PA,EUR,71.05,mid,13,0.194,16.221,519,-90.849,749.371
URW.PA,EUR,120.59,large,0,0.000,0.000,51,3.899,95.750
TEP.PA,EUR,80.93,mid,36,-0.064,60.278,889,-206.542,1433.056
RCO.PA,EUR,53.88,mid,20,2.910,32.726,678,-131.333,984.231
SW.PA,EUR,66.08,mid,9,8.862,24.304,675,-133.221,979.788
FR.PA,EUR,16.92,small,29,9.030,38.865,695,-76.491,1148.836
POM.PA,,,skip,0,0,0,0,0,0
ASML.AS,EUR,1733.15,large,11,6.708,28.503,705,-145.614,1121.372
PRX.AS,EUR,49.12,mid,2,-2.080,2.163,170,-8.042,295.548
INGA.AS,EUR,35.25,mid,14,3.782,7.531,794,-121.668,1398.953
ADYEN.AS,EUR,1075.62,large,31,-14.425,36.959,196,-17.806,333.282
AD.AS,EUR,38.54,mid,5,-3.818,3.987,448,-118.091,679.183
PHIA.AS,EUR,26.74,mid,14,-5.699,21.192,821,-161.428,1365.375
HEIA.AS,EUR,89.19,mid,37,-12.860,26.886,789,-154.330,1178.342
WKL.AS,EUR,81.03,mid,7,-4.392,6.158,805,-118.315,1351.463
UNA.AS,EUR,63.19,mid,0,0.000,0.000,133,-4.619,214.279
ABN.AS,EUR,45.94,mid,13,6.181,23.532,261,-69.022,416.580
AKZA.AS,EUR,73.44,mid,8,0.010,8.768,806,-185.031,1310.729
RAND.AS,EUR,44.92,mid,22,4.348,38.627,797,-119.705,1428.081
KPN.AS,EUR,4.67,micro,14,-9.563,15.679,817,-450.625,1474.429
ASM.AS,EUR,987.40,large,44,-20.222,58.527,698,-124.422,1134.708
BESI.AS,EUR,255.98,large,18,-8.358,20.065,722,-158.377,1042.354
IMCD.AS,EUR,116.43,large,13,4.019,35.550,293,-65.017,470.946
AGN.AS,EUR,9.58,small,15,0.413,20.047,809,-224.394,1359.311
MT.AS,EUR,72.82,mid,16,-10.515,23.345,551,-50.045,930.611
NN.AS,EUR,93.21,mid,4,-4.539,5.151,278,-77.798,433.864
URW.AS,,,skip,0,0,0,0,0,0
LIGHT.AS,EUR,17.70,small,6,-0.242,4.330,244,-39.943,395.589
WHA.AS,EUR,21.76,mid,39,20.902,93.113,515,-28.712,893.405
AALB.AS,EUR,52.12,mid,54,-14.966,67.532,708,-82.928,1293.143
TKWY.AS,,,skip,0,0,0,0,0,0
OCI.AS,EUR,4.68,micro,16,8.289,32.659,346,-119.757,662.169
FUR.AS,EUR,10.06,small,21,-7.439,31.103,702,-127.714,1323.971
NESN.SW,CHF,100.55,large,24,-22.559,30.069,936,-294.797,1578.007
ROG.SW,,,skip,0,0,0,0,0,0
NOVN.SW,CHF,155.98,large,15,5.541,32.959,807,-148.694,1309.138
UBSG.SW,CHF,53.81,mid,19,35.532,108.976,798,-122.565,1329.636
ZURN.SW,CHF,734.46,large,18,-5.828,17.434,684,-62.724,1352.114
ABBN.SW,CHF,101.23,large,17,-0.152,20.428,684,-59.691,1300.716
CFR.SW,CHF,241.99,large,14,4.313,22.082,815,-112.379,1364.172
SIKA.SW,CHF,240.20,large,6,10.081,18.542,775,-245.960,1208.321
LONN.SW,CHF,708.46,large,33,-1.050,45.979,679,-109.365,1136.214
GIVN.SW,CHF,4171.26,large,5,3.746,8.606,696,-242.234,934.611
SREN.SW,CHF,171.48,large,27,8.920,77.926,767,-171.618,1401.627
ALC.SW,CHF,70.99,mid,0,0.000,0.000,182,-56.525,255.088
PGHN.SW,CHF,906.81,large,26,-18.819,29.760,491,-135.732,873.691
SCMN.SW,CHF,778.78,large,14,-0.106,26.372,730,-157.871,1070.031
GEBN.SW,CHF,695.09,large,17,-5.517,9.738,677,-158.735,1084.998
SLHN.SW,CHF,1181.42,large,44,-20.407,38.806,796,-105.237,1415.326
HOLN.SW,CHF,87.68,mid,15,2.729,34.703,662,-62.216,1178.200
BAER.SW,CHF,93.06,mid,20,3.548,35.750,776,-185.098,1245.161
SOON.SW,CHF,291.70,large,22,12.735,55.135,615,-102.027,1020.337
TEMN.SW,CHF,87.72,mid,47,2.819,111.138,625,-111.864,1008.353
STMN.SW,CHF,127.40,large,15,8.715,22.961,709,-208.988,1038.703
VACN.SW,CHF,783.98,large,3,-1.533,1.274,228,-30.536,386.508
LOGN.SW,CHF,104.82,large,25,-11.443,22.057,809,-56.117,1420.137
SGSN.SW,CHF,120.15,large,9,2.205,7.889,801,-177.299,1178.650
GALD.SW,CHF,224.53,large,0,0.000,0.000,43,-19.391,66.207
BALN.SW,,,skip,0,0,0,0,0,0
EMSN.SW,CHF,1026.41,large,20,-12.813,22.302,553,-71.936,780.207
SDZ.SW,CHF,90.11,mid,0,0.000,0.000,66,-37.487,85.446
ENEL.MI,EUR,11.61,small,11,-1.025,8.541,675,-190.613,1071.671
ISP.MI,EUR,7.89,small,7,-3.408,4.442,804,-182.343,1323.989
UCG.MI,EUR,97.58,mid,22,-11.276,21.462,679,-103.811,1048.933
ENI.MI,EUR,26.92,mid,10,-10.033,10.396,776,-164.836,1301.108
RACE.MI,EUR,411.20,large,0,0.000,0.000,256,-126.040,306.230
G.MI,EUR,51.81,mid,24,0.082,31.985,1027,-173.351,1639.168
STM.MI,,,skip,0,0,0,0,0,0
FBK.MI,EUR,28.26,mid,3,8.583,24.556,309,-59.161,499.319
PST.MI,EUR,31.52,mid,3,4.974,8.434,248,-67.592,384.410
TRN.MI,EUR,11.65,small,0,0.000,0.000,560,-271.965,837.662
MONC.MI,EUR,58.57,mid,13,2.565,19.207,304,-76.649,397.867
SRG.MI,EUR,6.75,small,17,-1.082,63.948,624,-304.058,935.210
CNHI.MI,,,skip,0,0,0,0,0,0
BMED.MI,EUR,27.90,mid,10,9.780,19.218,670,-132.113,1039.800
MB.MI,EUR,33.11,mid,41,-14.080,58.148,1027,-81.865,1780.460
BAMI.MI,EUR,19.66,small,42,-7.288,61.030,681,-7.705,1129.270
LDO.MI,EUR,67.11,mid,16,-5.426,33.200,510,-78.236,826.695
REC.MI,EUR,61.57,mid,22,0.697,24.980,808,-186.724,1099.177
TIT.MI,EUR,8.78,small,29,-18.951,49.474,1019,-190.680,1806.938
AMP.MI,EUR,13.82,small,29,9.079,86.770,624,-224.031,904.385
PIRC.MI,EUR,7.57,small,5,4.146,8.280,227,-69.358,348.904
IG.MI,EUR,10.32,small,1,-0.291,0.085,221,-103.290,339.758
DIA.MI,EUR,87.18,mid,23,1.506,20.223,471,-106.022,577.795
INW.MI,EUR,7.45,small,11,20.867,55.442,269,-101.231,359.275
ENAV.MI,EUR,6.00,small,8,5.017,12.226,259,-103.908,377.465
ITX.MC,EUR,67.82,mid,14,-2.003,24.572,620,-124.133,898.492
IBE.MC,EUR,23.93,mid,3,-1.439,1.352,693,-203.092,1012.193
BBVA.MC,EUR,28.44,mid,15,-0.888,19.286,683,-134.521,1065.379
TEF.MC,EUR,4.24,micro,17,-1.964,31.758,668,-272.819,1282.743
AENA.MC,EUR,31.03,mid,11,-1.531,12.993,280,-81.740,395.157
FER.MC,EUR,66.32,mid,22,-15.001,17.713,675,-253.145,864.220
REP.MC,EUR,29.23,mid,7,-0.541,9.560,696,-115.240,1067.470
ELE.MC,EUR,48.84,mid,23,8.655,55.142,656,-194.426,1009.611
CABK.MC,EUR,14.82,small,12,-9.117,9.759,478,-140.160,715.622
AMS.MC,EUR,66.48,mid,3,-3.307,3.646,408,-74.996,647.717
ACS.MC,EUR,126.03,large,7,-0.590,1.346,631,-175.941,933.871
MAP.MC,EUR,5.11,small,26,-11.664,47.770,615,-150.996,1101.575
SAB.MC,EUR,3.98,micro,53,-20.016,91.777,691,-277.317,1472.238
BKT.MC,EUR,19.02,small,56,-28.748,72.439,694,-111.417,1141.573
CLNX.MC,EUR,31.86,mid,5,-5.497,6.045,258,-57.394,396.153
GRF.MC,EUR,11.76,small,9,0.110,14.461,498,-103.202,862.071
ANA.MC,EUR,246.27,large,10,-4.582,10.729,693,-110.715,1012.115
LOG.MC,EUR,42.43,mid,9,-8.225,11.588,289,-94.038,394.607
ENG.MC,EUR,19.47,small,13,-5.451,19.495,616,-216.740,829.412
RED.MC,EUR,17.89,small,23,0.322,47.542,679,-219.361,883.269
IAG.MC,EUR,5.96,small,26,-12.633,32.740,387,-107.431,608.403
MRL.MC,EUR,17.08,small,3,-3.142,3.291,295,-70.751,355.531
COL.MC,EUR,6.45,small,13,-6.511,18.307,635,-141.858,953.800
FDR.MC,EUR,23.54,mid,14,-13.360,15.894,446,-117.132,611.940
INVE-B.ST,SEK,44.72,mid,3,5.650,10.660,690,-281.294,1048.612
ATCO-A.ST,SEK,22.12,mid,2,-0.328,1.870,649,-238.878,898.231
VOLV-B.ST,SEK,37.53,mid,16,5.962,41.403,678,-45.552,1342.107
ERIC-B.ST,SEK,10.21,small,32,-0.773,55.448,686,-214.827,1035.684
HM-B.ST,SEK,18.88,small,9,20.659,50.684,647,-69.028,1075.519
SEB-A.ST,SEK,23.66,mid,10,-10.045,11.802,679,-172.402,1066.602
SAND.ST,SEK,38.55,mid,7,-7.266,8.134,662,-104.258,1082.490
ESSITY-B.ST,SEK,29.78,mid,15,3.765,20.004,238,-34.730,426.433
TELIA.ST,SEK,4.60,micro,5,3.792,10.743,635,-349.248,1182.976
SWED-A.ST,SEK,40.57,mid,22,7.649,52.567,680,-211.316,1079.648
NDA-SE.ST,SEK,20.22,mid,18,-6.189,15.422,674,-187.894,938.322
ASSA-B.ST,SEK,38.68,mid,1,1.164,1.356,662,-175.808,963.539
ALFA.ST,SEK,60.05,mid,9,-2.226,4.883,622,-164.062,865.693
SKF-B.ST,SEK,27.63,mid,9,-8.448,8.901,647,-105.118,1038.413
EVO.ST,SEK,77.65,mid,10,-4.630,9.094,294,-52.142,453.060
HEXA-B.ST,SEK,10.30,small,28,-27.162,29.801,652,-195.254,1094.735
EPI-A.ST,SEK,26.51,mid,0,0.000,0.000,186,-51.401,268.508
BOL.ST,SEK,54.92,mid,19,-2.627,39.177,621,-101.157,1043.494
GETI-B.ST,SEK,25.01,mid,31,-7.982,40.876,689,-163.858,1081.174
TEL2-B.ST,SEK,17.30,small,20,-3.763,34.069,651,-38.639,1230.645
SCA-B.ST,SEK,11.64,small,12,10.338,38.217,675,-103.174,1215.736
KINV-B.ST,SEK,5.95,small,36,-12.623,54.001,667,-186.357,1215.344
NIBE-B.ST,SEK,4.24,micro,15,7.808,46.265,666,-369.907,1209.888
SINCH.ST,SEK,4.66,micro,14,-1.448,5.511,256,-53.982,427.438
ELUX-B.ST,SEK,3.25,micro,12,6.330,17.053,676,-238.792,1160.387
AZN.ST,SEK,160.26,large,16,-7.699,11.009,689,-128.444,1076.431
7203.T,JPY,18.89,small,18,-18.354,21.241,657,-135.339,1117.956
6758.T,JPY,23.59,mid,27,-6.508,25.099,665,-67.170,1257.351
9984.T,JPY,35.20,mid,32,-3.306,45.614,652,-52.247,1172.469
6861.T,JPY,539.54,large,3,-2.354,2.052,628,-129.423,989.180
8306.T,JPY,22.59,mid,23,24.247,74.465,522,-102.017,864.556
9432.T,JPY,1.00,micro,19,-20.579,37.293,650,-833.331,2099.425
6098.T,JPY,83.46,mid,9,2.542,23.096,272,-64.101,471.329
8035.T,JPY,345.49,large,18,-5.241,23.858,655,-112.053,1125.623
4063.T,JPY,38.77,mid,1,-0.276,0.076,686,-80.734,1149.221
9433.T,JPY,18.90,small,22,-10.965,37.184,640,-118.082,1028.808
8058.T,JPY,30.86,mid,22,-6.713,53.849,662,-178.307,1052.982
7974.T,JPY,50.99,mid,21,-4.077,49.002,633,-69.406,1121.724
6501.T,JPY,35.63,mid,11,11.518,33.660,654,-88.910,1226.627
6902.T,JPY,12.23,small,12,-6.909,30.187,679,-204.759,1192.415
4568.T,JPY,17.45,small,24,-13.001,34.380,639,-111.937,1100.507
8316.T,JPY,42.99,mid,47,11.195,86.834,668,-122.421,1102.186
7267.T,JPY,10.67,small,18,-4.267,27.998,662,-217.665,1126.444
6367.T,JPY,140.80,large,12,9.700,36.321,649,-119.088,954.214
6954.T,JPY,41.43,mid,0,0.000,0.000,665,-160.218,1043.064
6981.T,JPY,46.04,mid,12,-12.238,13.967,619,-44.982,1136.100
7741.T,JPY,162.54,large,3,-1.066,3.691,649,-138.711,985.403
4661.T,JPY,18.88,small,30,2.984,60.411,633,-192.274,953.445
8001.T,JPY,13.19,small,12,-10.300,14.540,649,-223.523,1139.907
8031.T,JPY,31.27,mid,11,-7.922,10.398,666,-172.240,1167.775
9022.T,JPY,24.74,mid,16,4.016,37.463,619,-95.976,1036.956
4519.T,JPY,43.47,mid,24,-20.343,35.170,675,-142.913,992.303
6273.T,JPY,470.32,large,4,-4.336,4.701,637,-131.531,1041.825
6146.T,JPY,370.47,large,8,2.262,3.294,618,-110.140,1007.570
7011.T,JPY,25.64,mid,21,-10.870,24.968,667,-139.973,1099.105
6702.T,JPY,23.30,mid,12,1.214,31.719,650,-104.715,1171.686
4502.T,JPY,35.12,mid,14,-6.709,15.158,661,-117.451,1125.695
4503.T,JPY,14.75,small,7,-6.788,8.342,678,-198.953,1112.318
6752.T,JPY,27.34,mid,37,-14.643,58.467,641,-93.748,1162.944
6503.T,JPY,36.93,mid,10,12.590,47.990,659,-158.053,1164.737
7751.T,JPY,29.38,mid,5,-5.520,6.094,660,-86.667,1180.975
8411.T,JPY,53.54,mid,38,-2.615,55.177,576,-80.261,969.174
7182.T,JPY,20.21,mid,13,4.595,14.797,249,-102.602,364.682
8766.T,JPY,50.33,mid,5,-3.761,4.701,657,-202.439,889.155
4901.T,JPY,20.51,mid,18,-14.800,21.206,661,-128.886,1102.571
6301.T,JPY,46.59,mid,16,0.792,37.939,652,-161.251,1107.908
6326.T,JPY,17.50,small,19,2.578,31.556,684,-201.680,1026.864
7269.T,JPY,12.40,small,14,-14.116,18.288,637,-229.174,1063.963
9101.T,JPY,38.77,mid,34,-4.238,52.958,536,-57.592,1007.710
9020.T,JPY,21.94,mid,4,3.466,14.612,657,-136.994,960.840
2914.T,JPY,45.06,mid,19,10.506,69.006,652,-64.919,1129.752
4452.T,JPY,23.16,mid,12,-7.719,13.566,684,-131.540,953.725
6971.T,JPY,24.04,mid,10,7.199,36.103,639,-114.452,1042.416
5108.T,JPY,26.62,mid,11,1.052,30.264,667,-194.468,1021.158
4543.T,JPY,15.04,small,19,-8.624,24.642,651,-166.497,948.977
8053.T,JPY,11.33,small,9,4.315,27.996,662,-256.017,1074.396
3382.T,JPY,13.30,small,27,-12.656,69.175,676,-223.755,1213.348
9983.T,JPY,502.77,large,20,-8.696,35.247,637,-86.067,1024.571
6857.T,JPY,204.06,large,26,-2.007,39.015,675,-79.981,1165.849
4021.T,JPY,47.51,mid,17,-4.883,40.493,660,-77.015,1126.809
6988.T,JPY,22.30,mid,18,-3.944,29.636,621,-162.148,1046.507
0700.HK,HKD,61.04,mid,9,-9.658,10.368,558,-162.093,813.564
0941.HK,HKD,10.43,small,16,-3.459,26.178,642,-132.938,1063.594
1299.HK,HKD,9.45,small,6,4.515,8.997,394,-97.244,579.174
0005.HK,HKD,20.55,mid,28,-14.744,34.222,639,-115.563,1276.930
0939.HK,HKD,1.12,micro,21,-39.250,85.740,520,-534.987,1436.488
1398.HK,HKD,0.91,micro,22,-31.194,59.969,462,-480.185,1149.801
3690.HK,HKD,11.75,small,3,-1.646,2.835,174,-5.179,262.230
9988.HK,HKD,15.78,small,0,0.000,0.000,152,2.219,248.150
0388.HK,HKD,52.47,mid,15,-0.496,11.703,643,-13.595,1085.492
2318.HK,HKD,7.29,small,13,-5.892,14.719,550,-166.626,818.356
1810.HK,HKD,3.45,micro,2,2.346,3.213,183,-66.594,221.043
0016.HK,HKD,14.71,small,17,2.611,42.958,640,-135.549,1117.389
0001.HK,HKD,9.34,small,31,-30.171,54.647,671,-100.242,1058.311
0027.HK,HKD,4.19,micro,16,6.670,44.030,662,-258.233,1078.314
0011.HK,,,skip,0,0,0,0,0,0
1113.HK,HKD,5.98,small,9,7.535,17.106,248,-60.645,396.579
2382.HK,HKD,7.52,small,11,-8.258,12.211,460,-73.943,679.291
0175.HK,HKD,2.35,micro,40,-31.423,49.700,526,-212.046,748.056
9618.HK,HKD,16.25,small,0,0.000,0.000,119,31.216,261.915
3988.HK,HKD,0.67,micro,26,-39.689,101.783,485,-527.160,1332.500
2628.HK,HKD,3.67,micro,15,-2.009,10.257,554,-160.512,909.326
2020.HK,HKD,9.50,small,10,-8.864,12.294,459,-55.994,631.869
0688.HK,HKD,1.68,micro,12,-11.696,29.988,660,-500.666,1307.495
1211.HK,HKD,11.49,small,21,-5.375,31.332,589,-87.609,971.034
2269.HK,HKD,5.85,small,7,-7.663,8.393,227,-75.065,310.744
1177.HK,HKD,0.65,micro,17,-14.196,27.141,529,-359.880,857.306
0386.HK,HKD,0.56,micro,18,-16.502,41.768,652,-493.113,1372.293
0857.HK,HKD,1.21,micro,16,-4.829,49.831,630,-556.974,1510.346
2331.HK,HKD,1.85,micro,19,-27.699,41.196,542,-316.232,917.143
0968.HK,HKD,0.31,micro,14,-10.977,23.214,296,-154.630,478.294
1928.HK,HKD,1.81,micro,7,5.914,18.127,406,-215.962,744.187
0762.HK,HKD,0.82,micro,32,-43.923,91.595,638,-420.315,1332.682
2007.HK,HKD,0.02,micro,32,-22.253,48.511,452,-207.649,893.631
1088.HK,HKD,5.48,small,2,4.002,8.917,523,-137.817,731.697
3968.HK,HKD,6.21,small,11,3.614,11.474,474,-71.167,751.672
0883.HK,HKD,2.97,micro,12,-14.295,18.057,547,-202.002,945.762
2313.HK,HKD,5.46,small,11,-12.111,13.338,498,-126.779,618.375
0288.HK,HKD,1.02,micro,6,5.191,10.845,302,-258.368,579.432
1044.HK,HKD,3.02,micro,19,-11.946,25.929,639,-305.251,975.444
6862.HK,HKD,1.44,micro,5,-0.870,3.673,173,-70.693,276.328
9633.HK,HKD,5.39,small,2,3.229,5.245,142,-9.270,211.007
0669.HK,HKD,18.69,small,7,-3.626,4.659,529,-127.717,717.617
2688.HK,HKD,5.89,small,20,-20.871,25.751,640,-130.115,881.164
BHP.AX,AUD,44.52,mid,143,-376.508,4004.241,880,-551.189,6637.110
CBA.AX,AUD,125.86,large,42,-2.507,69.497,821,-410.392,2691.053
CSL.AX,AUD,93.47,mid,12,-9.005,11.055,794,-184.736,1739.027
NAB.AX,AUD,29.86,mid,117,-319.562,3461.430,884,-548.259,8867.688
WBC.AX,AUD,26.82,mid,207,-364.120,6268.384,908,-393.348,7673.063
ANZ.AX,AUD,26.68,mid,139,-67.354,520.906,878,-379.244,3202.779
WES.AX,AUD,63.71,mid,217,-96.799,1303.436,882,-347.236,2410.032
MQG.AX,AUD,186.98,large,26,-33.658,61.730,754,-228.452,1628.368
FMG.AX,AUD,12.74,small,127,79.899,379.409,828,-151.195,1463.741
WOW.AX,AUD,28.48,mid,65,-52.525,216.030,787,-327.187,1572.214
TLS.AX,AUD,3.52,micro,27,-5.617,29.071,729,-538.963,1553.291
GMG.AX,AUD,21.18,mid,3,-1.564,2.475,553,-221.337,695.648
RIO.AX,AUD,125.64,large,178,-264.643,1919.779,867,-258.042,3346.151
WDS.AX,AUD,22.54,mid,139,-199.469,989.839,887,-567.428,5687.954
TCL.AX,AUD,10.26,small,10,-10.179,12.848,760,-503.995,2848.876
ALL.AX,AUD,46.36,mid,33,30.583,107.465,763,-205.085,1179.824
COL.AX,AUD,17.10,small,2,1.021,0.688,161,-52.300,222.996
STO.AX,AUD,5.42,small,137,-169.730,1468.413,913,-603.983,8902.052
QBE.AX,AUD,17.27,small,87,-99.851,399.743,887,-439.004,3443.181
REA.AX,AUD,122.68,large,11,-6.101,14.661,663,-129.072,946.026
WTC.AX,AUD,28.98,mid,6,-1.876,1.938,238,-21.711,423.170
NCM.AX,,,skip,0,0,0,0,0,0
XRO.AX,AUD,54.13,mid,8,-8.370,8.760,357,-38.343,645.075
SHL.AX,AUD,15.73,small,149,-27.230,224.767,845,-328.099,1351.849
CPU.AX,AUD,30.35,mid,16,-4.605,10.061,775,-290.853,1261.062
RMD.AX,AUD,20.41,mid,13,6.495,13.970,673,-189.801,1098.214
JHX.AX,AUD,30.53,mid,230,-133.765,748.045,886,-279.993,2512.550
COH.AX,AUD,88.28,mid,11,8.208,23.985,737,-187.395,1319.458
BXB.AX,AUD,14.39,small,119,-179.864,529.446,848,-744.164,5300.975
ORG.AX,AUD,7.65,small,12,5.876,24.815,687,-219.047,1127.625
AMC.AX,AUD,47.49,mid,170,-322.811,9009.892,914,-577.723,8158.445
SUN.AX,AUD,13.67,small,48,-69.758,160.493,844,-812.704,11811.078
IAG.AX,AUD,6.10,small,14,1.708,27.844,663,-189.879,976.901
MPL.AX,AUD,3.73,micro,9,-11.333,16.772,274,-193.139,481.375
ASX.AX,AUD,40.73,mid,14,0.987,29.104,705,-210.377,1087.652
S32.AX,AUD,3.51,micro,8,4.675,24.675,277,-133.404,407.442
NST.AX,AUD,16.05,small,35,6.043,112.898,565,-147.202,886.194
PLS.AX,AUD,3.24,micro,73,75.463,265.588,406,-102.715,705.662
IGO.AX,AUD,5.27,small,14,-6.504,23.648,628,-177.768,888.385
SGP.AX,AUD,3.04,micro,139,-1055.170,15985.791,882,-1588.516,24479.340
MIN.AX,AUD,45.37,mid,32,10.448,102.593,484,-83.000,779.235
APA.AX,AUD,7.01,small,10,-2.339,14.943,684,-314.154,863.946
FPH.AX,AUD,24.70,mid,21,-6.473,45.108,597,-204.575,964.042
RY.TO,CAD,211.36,large,5,-3.147,6.280,803,-289.862,1136.946
TD.TO,CAD,121.47,large,12,-8.202,13.974,800,-196.421,1246.521
ENB.TO,CAD,51.33,mid,2,-2.231,2.489,776,-239.092,1041.544
BN.TO,CAD,44.12,mid,10,7.795,25.378,799,-258.797,1108.215
CNR.TO,CAD,126.65,large,9,-9.053,9.757,737,-237.225,1012.480
BMO.TO,CAD,181.69,large,20,2.404,42.216,809,-280.736,1325.548
CP.TO,CAD,91.61,mid,2,-0.989,1.098,608,-179.494,802.708
CNQ.TO,CAD,45.52,mid,10,4.901,17.901,798,-206.984,1231.167
BNS.TO,CAD,88.97,mid,22,13.964,64.149,801,-273.030,1132.377
TRP.TO,CAD,63.27,mid,5,8.326,23.279,767,-203.352,965.850
SU.TO,CAD,60.14,mid,15,7.484,24.313,798,-156.008,1174.485
ATD.TO,CAD,66.94,mid,24,-35.056,63.109,739,-240.284,1480.305
CM.TO,CAD,118.84,large,37,12.622,85.290,803,-228.192,1214.792
MFC.TO,CAD,44.32,mid,28,3.392,41.322,666,-188.314,1034.722
SHOP.TO,CAD,151.65,large,0,0.000,0.000,266,-87.618,390.366
NTR.TO,CAD,64.49,mid,11,4.170,10.326,216,-39.589,273.631
TRI.TO,CAD,101.90,large,6,-6.130,6.516,420,-97.947,663.361
WCN.TO,CAD,166.49,large,16,18.583,54.815,627,-186.223,941.423
GWO.TO,CAD,65.64,mid,25,-0.509,46.095,590,-196.155,842.791
FNV.TO,CAD,238.78,large,13,-7.046,14.415,473,-80.528,728.617
AEM.TO,CAD,178.91,large,8,2.016,21.797,765,-91.284,1251.177
CVE.TO,CAD,28.25,mid,19,-2.155,18.803,434,-91.759,675.642
IMO.TO,CAD,124.99,large,17,-1.408,32.316,775,-255.513,1039.417
BCE.TO,CAD,22.72,mid,24,-1.773,26.623,763,-211.581,1262.355
MG.TO,CAD,70.34,mid,10,-2.061,7.009,549,-24.509,943.554
DOL.TO,CAD,138.16,large,1,-1.063,1.130,388,-188.257,488.324
POW.TO,CAD,67.08,mid,22,6.094,51.902,798,-131.898,1271.815
SLF.TO,CAD,81.97,mid,6,-1.446,2.835,654,-203.155,905.804
PPL.TO,CAD,47.55,mid,0,0.000,0.000,578,-245.747,853.755
TECK-B.TO,CAD,66.54,mid,42,-31.650,41.422,813,-216.657,1137.477
WPM.TO,CAD,134.40,large,10,-2.961,9.507,522,-49.807,883.720
NA.TO,CAD,163.27,large,10,-9.179,9.727,797,-287.315,1230.514
QSR.TO,CAD,73.93,mid,0,0.000,0.000,274,-94.875,386.444
CSU.TO,CAD,2311.38,large,0,0.000,0.000,475,-196.321,662.790
GIB-A.TO,CAD,74.89,mid,9,8.975,12.251,727,-243.500,987.056
FTS.TO,CAD,56.13,mid,9,3.656,21.313,791,-275.243,1072.149
H.TO,CAD,40.57,mid,6,5.810,5.860,258,-65.278,384.403
EMA.TO,CAD,50.85,mid,25,-4.104,34.097,795,-250.328,986.769
CCO.TO,CAD,97.47,mid,19,0.755,33.681,796,-85.572,1276.668
K.TO,CAD,27.64,mid,7,4.006,19.278,591,-108.421,795.288
ABX.TO,CAD,43.74,mid,17,12.061,27.739,795,-58.895,1250.434
OTEX.TO,CAD,24.92,mid,39,-10.371,24.684,722,-193.499,1123.633
BB.TO,CAD,8.99,small,63,-20.573,110.571,702,-88.600,1176.870
LUN.TO,CAD,27.02,mid,25,-15.339,22.785,750,-84.309,1260.007
FM.TO,CAD,31.33,mid,17,-10.902,14.624,664,-178.977,969.813
TOU.TO,CAD,42.44,mid,16,4.518,34.816,359,-8.545,663.309
ARX.TO,CAD,23.31,mid,18,-1.552,28.993,764,-134.395,1167.277
RELIANCE.NS,INR,14.02,small,9,-6.910,8.334,758,-257.955,1132.483
TCS.NS,INR,25.76,mid,5,-3.171,2.868,565,-176.923,733.423
HDFCBANK.NS,INR,7.68,small,10,9.451,32.259,781,-363.548,968.975
INFY.NS,INR,12.34,small,10,-6.617,18.561,744,-312.282,1151.348
ICICIBANK.NS,INR,14.93,small,8,-5.114,16.673,604,-239.840,831.341
BHARTIARTL.NS,INR,20.59,mid,3,-2.556,2.538,600,-199.066,689.330
SBIN.NS,INR,11.53,small,29,-14.152,52.442,757,-212.478,1151.513
LT.NS,INR,42.61,mid,13,-12.589,13.545,594,-147.583,868.562
ITC.NS,INR,3.01,micro,8,1.040,10.649,771,-452.021,1237.814
HINDUNILVR.NS,INR,22.02,mid,18,-9.010,13.776,756,-204.685,981.994
BAJFINANCE.NS,INR,11.32,small,15,-10.291,14.253,595,-250.298,772.759
KOTAKBANK.NS,INR,4.10,micro,6,0.660,18.373,616,-359.012,873.789
AXISBANK.NS,INR,13.00,small,12,4.384,33.689,687,-218.552,962.497
ASIANPAINT.NS,INR,28.73,mid,18,-15.595,20.203,614,-197.218,930.701
MARUTI.NS,INR,147.45,large,10,-4.728,16.555,548,-151.218,792.581
SUNPHARMA.NS,INR,20.43,mid,11,-8.108,12.718,766,-235.763,1062.447
TITAN.NS,INR,51.90,mid,17,-8.561,30.008,773,-253.557,972.812
WIPRO.NS,INR,1.97,micro,43,0.574,95.942,757,-696.735,1700.076
ONGC.NS,INR,2.51,micro,18,-6.302,36.220,777,-323.745,1172.682
NTPC.NS,INR,3.60,micro,11,-4.799,14.558,520,-225.456,732.229
POWERGRID.NS,INR,2.85,micro,4,-6.007,9.074,461,-262.147,554.887
ULTRACEMCO.NS,INR,127.15,large,18,-6.960,8.118,581,-205.860,654.769
NESTLEIND.NS,INR,16.18,small,12,-6.936,6.181,427,-135.067,493.957
BAJAJFINSV.NS,INR,21.10,mid,48,-37.444,71.558,581,-160.038,816.909
TATAMOTORS.NS,,,skip,0,0,0,0,0,0
TATASTEEL.NS,INR,1.97,micro,59,-40.560,84.586,766,-589.219,1645.637
HCLTECH.NS,INR,14.25,small,16,-8.389,18.685,614,-230.252,841.131
ADANIENT.NS,INR,31.72,mid,32,-9.274,42.126,578,-129.142,830.253
JSWSTEEL.NS,INR,13.65,small,15,-4.476,38.222,582,-171.664,762.406
COALINDIA.NS,INR,4.36,micro,12,-1.060,15.212,355,-156.494,519.053
GRASIM.NS,INR,34.91,mid,36,-34.365,37.539,617,-192.012,836.247
INDUSINDBK.NS,INR,10.74,small,26,-5.025,47.526,581,-203.444,805.241
DRREDDY.NS,INR,12.31,small,15,-2.823,35.645,761,-258.544,1065.442
CIPLA.NS,INR,15.38,small,23,-1.194,60.096,780,-228.579,1055.159
TECHM.NS,INR,17.17,small,20,-12.815,12.580,467,-144.028,660.517
BRITANNIA.NS,INR,57.88,mid,26,-8.673,36.600,776,-223.701,967.811
EICHERMOT.NS,INR,84.24,mid,44,-26.295,61.574,757,-278.577,923.067
HEROMOTOCO.NS,INR,60.14,mid,24,-5.478,32.053,585,-127.230,793.958
DIVISLAB.NS,INR,86.92,mid,20,12.225,54.172,598,-190.489,768.813
HINDALCO.NS,INR,11.13,small,89,-49.074,144.914,752,-195.445,1146.598
BPCL.NS,INR,3.37,micro,10,-4.837,8.154,764,-288.706,1260.148
SBILIFE.NS,INR,19.49,small,4,0.203,5.817,208,-36.970,305.794
BAJAJ-AUTO.NS,INR,122.50,large,8,-1.802,14.652,603,-181.625,788.744
TATACONSUM.NS,INR,11.37,small,31,-26.576,41.817,749,-202.169,1007.504
005930.KS,KRW,163.17,large,22,-1.267,34.949,651,-158.846,924.070
000660.KS,KRW,1004.45,large,34,-14.212,47.024,689,-113.583,950.838
373220.KS,KRW,254.29,large,0,0.000,0.000,77,2.508,135.745
207940.KS,KRW,1099.10,large,4,0.461,10.926,225,-30.191,359.859
005380.KS,KRW,279.37,large,17,12.431,37.709,663,-183.779,834.272
051910.KS,KRW,194.96,large,17,1.186,13.911,619,-64.910,859.193
006400.KS,KRW,324.22,large,40,-20.869,36.004,655,-76.934,985.457
035420.KS,KRW,148.34,large,6,-3.906,7.290,580,-101.424,757.989
000270.KS,KRW,95.29,mid,28,0.186,46.742,673,-92.975,1023.812
068270.KS,KRW,140.78,large,17,-5.143,20.439,502,-38.887,688.778
105560.KS,KRW,124.18,large,81,-62.759,389.558,535,-187.404,1024.685
055550.KS,KRW,77.70,mid,7,11.818,33.374,664,-141.553,799.600
012330.KS,KRW,350.71,large,17,-1.773,23.475,648,-133.211,878.872
028260.KS,KRW,237.69,large,10,-0.893,6.105,276,-29.779,364.713
066570.KS,KRW,130.68,large,24,-13.140,23.405,605,-35.907,978.098
003670.KS,KRW,110.05,large,3,3.421,3.964,613,-133.804,763.183
096770.KS,KRW,84.98,mid,10,-3.397,7.708,459,-23.112,735.331
034730.KS,KRW,358.83,large,7,1.059,8.883,387,-60.091,550.471
015760.KS,KRW,25.15,mid,25,20.135,49.499,672,-88.835,883.899
009150.KS,KRW,902.73,large,42,-13.189,61.887,668,-90.312,1036.077
032830.KS,KRW,194.60,large,11,-2.127,11.816,384,-58.911,408.063
086790.KS,KRW,95.15,mid,11,3.953,16.378,574,-155.138,659.127
000810.KS,KRW,455.61,large,2,2.521,4.194,656,-149.751,767.134
011200.KS,KRW,15.40,small,38,19.864,110.791,680,-18.546,1049.118
010130.KS,KRW,781.24,large,21,-5.181,34.910,637,-158.300,871.980
018260.KS,KRW,156.46,large,20,2.300,40.809,299,-37.648,395.357
024110.KS,KRW,14.66,small,29,7.891,67.019,649,-201.508,948.461
090430.KS,KRW,100.16,large,17,9.353,48.485,501,-89.976,661.173
011070.KS,KRW,389.91,large,0,0.000,0.000,412,-68.367,571.250
010950.KS,KRW,97.20,mid,24,2.969,19.876,687,-67.866,1015.416
2330.TW,TWD,73.52,mid,14,2.842,18.996,635,-174.369,952.322
2317.TW,TWD,8.07,small,36,-0.173,90.341,838,-255.901,1460.705
2454.TW,TWD,120.99,large,24,10.235,45.309,640,-104.371,1068.528
2308.TW,TWD,51.19,mid,21,-14.431,26.415,637,-80.836,1000.048
2382.TW,TWD,9.24,small,16,-15.549,21.602,660,-200.121,1062.917
2412.TW,TWD,4.27,micro,13,2.823,39.093,634,-631.934,1595.675
2881.TW,TWD,3.94,micro,17,-5.990,38.633,593,-361.561,1092.390
2882.TW,TWD,3.08,micro,13,-3.676,24.687,682,-396.349,1303.272
3711.TW,TWD,18.15,small,14,-3.110,37.908,639,-123.198,1057.559
1301.TW,TWD,1.73,micro,18,-28.175,65.478,661,-848.717,2142.535
2303.TW,TWD,3.60,micro,23,-4.903,30.676,653,-261.557,1151.650
2886.TW,TWD,1.58,micro,20,-29.153,55.512,653,-910.931,2607.145
2891.TW,TWD,2.04,micro,5,-2.741,2.347,615,-374.613,1206.502
3008.TW,TWD,136.03,large,30,9.366,45.612,584,-27.952,973.183
2002.TW,TWD,0.59,micro,30,-35.364,71.958,656,-959.608,2657.274
1216.TW,TWD,2.35,micro,16,4.475,7.033,649,-406.580,1079.965
2884.TW,TWD,1.18,micro,9,-14.239,23.748,609,-942.783,2643.322
2892.TW,TWD,1.10,micro,7,-6.216,13.033,578,-1050.008,3120.015
5880.TW,TWD,0.81,micro,14,-5.009,26.093,647,-1040.311,3062.809
2357.TW,TWD,25.35,mid,37,-20.128,27.094,675,-86.350,1190.393
3034.TW,TWD,16.81,small,21,-6.263,18.807,567,-114.108,789.731
2327.TW,TWD,16.75,small,60,-19.446,91.889,660,-82.059,1103.755
2379.TW,TWD,23.27,mid,23,-2.006,47.190,661,-88.497,1054.628
2395.TW,TWD,19.67,small,14,-3.233,10.343,649,-217.845,793.059
4938.TW,TWD,2.70,micro,23,-5.572,52.922,409,-178.191,706.213
6505.TW,TWD,2.20,micro,10,-2.189,18.180,543,-296.563,930.715
2603.TW,TWD,6.44,small,22,10.394,58.499,681,-133.205,1143.600
2609.TW,TWD,1.57,micro,41,-50.043,117.741,639,-407.299,1465.945
2615.TW,TWD,2.63,micro,17,-3.033,39.208,663,-214.779,1104.138
1101.TW,TWD,0.76,micro,21,-19.024,60.996,653,-686.309,1858.691
PETR4.SA,BRL,8.04,small,34,-20.388,35.096,659,-199.359,1071.192
VALE3.SA,BRL,14.75,small,10,-5.237,13.515,682,-214.338,1087.543
ITUB4.SA,BRL,8.02,small,18,2.906,24.604,616,-155.330,961.970
BBDC4.SA,BRL,3.40,micro,40,-38.879,72.525,461,-199.811,790.636
B3SA3.SA,BRL,2.94,micro,11,-11.886,15.650,443,-182.642,636.168
ABEV3.SA,BRL,3.04,micro,23,-20.327,50.263,672,-444.551,1290.870
WEGE3.SA,BRL,9.46,small,26,-76.992,437.962,543,-536.909,19523.186
RENT3.SA,BRL,7.44,small,1,-1.113,1.240,529,-152.369,686.057
BBAS3.SA,BRL,3.95,micro,15,-6.339,21.830,651,-246.470,1066.163
PRIO3.SA,BRL,11.30,small,30,12.002,47.969,401,-51.036,615.840
ITSA4.SA,BRL,2.60,micro,10,-4.396,9.292,638,-319.865,1008.491
SUZB3.SA,BRL,8.20,small,6,-3.412,2.351,248,-24.406,332.254
JBSS3.SA,,,skip,0,0,0,0,0,0
RADL3.SA,BRL,3.98,micro,68,-663.213,28177.076,512,-547.369,15831.285
EQTL3.SA,BRL,7.33,small,3,-3.545,4.196,452,-230.110,536.209
RAIL3.SA,BRL,2.67,micro,3,2.731,6.801,290,-145.619,375.403
BPAC11.SA,BRL,10.60,small,7,-7.860,8.829,210,-68.803,251.185
GGBR4.SA,BRL,4.93,micro,34,-16.398,58.617,628,-192.578,1060.581
VBBR3.SA,BRL,6.73,small,2,-0.583,1.475,203,-79.384,244.098
CSAN3.SA,BRL,0.72,micro,19,-16.873,45.708,493,-351.479,906.425
ELET3.SA,,,skip,0,0,0,0,0,0
LREN3.SA,BRL,2.44,micro,18,-12.102,28.286,554,-243.604,812.439
HAPV3.SA,BRL,2.12,micro,32,-5.999,21.769,173,-5.517,277.149
TOTS3.SA,BRL,6.34,small,16,3.560,17.384,489,-179.409,599.000
RDOR3.SA,BRL,6.67,small,10,-5.881,10.503,121,5.334,220.691
NTCO3.SA,,,skip,0,0,0,0,0,0
CMIG4.SA,BRL,2.15,micro,12,-1.162,11.804,667,-256.338,999.304
UGPA3.SA,BRL,6.15,small,3,-3.092,4.263,405,-136.213,657.003
EMBR3.SA,,,skip,0,0,0,0,0,0
CCRO3.SA,,,skip,0,0,0,0,0,0
NPN.JO,ZAc,56.55,mid,29,-27.987,30.531,679,-162.048,1025.073
PRX.JO,ZAc,49.36,mid,4,-4.164,4.335,167,-26.823,249.841
FSR.JO,ZAc,6.26,small,1,0.287,0.082,672,-298.153,816.918
SBK.JO,ZAc,20.58,mid,2,-0.241,0.037,677,-198.546,876.612
ABG.JO,ZAc,14.32,small,10,-9.850,11.036,678,-202.747,896.331
MTN.JO,ZAc,12.74,small,12,-1.521,25.780,692,-210.219,900.232
CFR.JO,ZAc,243.50,large,0,0.000,0.000,49,-22.882,64.410
AGL.JO,ZAc,54.63,mid,10,-9.239,9.850,672,-114.451,1023.056
BTI.JO,ZAc,59.86,mid,21,-6.847,12.128,674,-182.979,887.537
SOL.JO,ZAc,11.15,small,27,19.844,69.864,700,-157.168,1053.105
SHP.JO,ZAc,17.75,small,11,-6.947,19.008,654,-207.413,823.593
GFI.JO,ZAc,41.14,mid,19,1.161,32.007,689,-133.424,984.612
ANG.JO,ZAc,97.34,mid,43,19.596,91.000,680,-122.592,918.000
IMP.JO,ZAc,13.21,small,24,-16.785,28.831,670,-108.975,987.107
VOD.JO,ZAc,9.77,small,4,1.795,5.123,594,-193.594,776.529
CPI.JO,ZAc,299.45,large,4,-4.232,4.478,669,-223.633,899.081
BID.JO,ZAc,26.97,mid,3,-0.058,0.063,262,-75.121,296.916
REM.JO,ZAc,12.14,small,11,-5.955,13.763,654,-277.816,772.304
SLM.JO,ZAc,5.53,small,3,-3.068,3.239,681,-256.193,814.715
DSY.JO,ZAc,16.37,small,19,-6.365,19.294,680,-199.090,967.694
NED.JO,ZAc,18.30,small,11,14.742,50.058,670,-122.035,899.012
APN.JO,ZAc,9.44,small,26,-9.395,36.420,680,-266.652,1009.401
MRP.JO,ZAc,11.17,small,23,-13.848,33.342,673,-202.039,1100.161
CLS.JO,ZAc,13.39,small,20,-16.511,41.884,678,-172.339,883.527
TFG.JO,ZAc,3.57,micro,26,-19.571,46.553,697,-313.085,1111.751
WHL.JO,ZAc,2.88,micro,5,-4.448,4.948,651,-368.640,922.905
MNP.JO,ZAc,12.46,small,2,-0.919,1.652,495,-107.547,755.250
EXX.JO,ZAc,12.37,small,16,-13.153,13.989,605,-180.799,760.002
AMS.JO,,,skip,0,0,0,0,0,0
KIO.JO,ZAc,16.09,small,33,-14.399,53.296,500,-44.064,765.958
D05.SI,SGD,59.73,mid,20,-8.924,17.233,664,-155.398,1055.537
O39.SI,SGD,23.71,mid,15,-10.528,14.600,673,-217.390,1059.298
U11.SI,SGD,33.88,mid,20,-8.552,34.005,695,-125.333,1117.248
Z74.SI,SGD,3.36,micro,6,-8.055,10.815,522,-367.306,896.573
C6L.SI,SGD,5.95,small,17,-12.090,15.289,662,-184.817,1057.591
F34.SI,SGD,3.08,micro,14,-5.852,22.890,494,-214.773,927.914
C38U.SI,SGD,1.93,micro,19,5.016,22.950,480,-569.408,1326.863
A17U.SI,SGD,1.96,micro,6,-8.143,14.693,507,-628.995,1445.133
BN4.SI,SGD,8.75,small,39,-0.494,72.071,486,-155.024,872.568
S68.SI,SGD,19.18,small,1,-1.090,1.189,633,-166.915,988.948
G13.SI,SGD,0.49,micro,35,-21.875,47.055,663,-595.713,1578.148
H78.SI,USD,7.97,small,7,0.961,3.158,673,-190.164,1030.768
C09.SI,SGD,6.09,small,15,5.291,36.797,662,-97.833,1103.007
Y92.SI,SGD,0.36,micro,9,-12.077,28.122,513,-513.029,1063.463
U96.SI,SGD,4.38,micro,21,-11.552,38.349,663,-329.637,1148.866
BS6.SI,SGD,3.29,micro,22,-22.929,33.539,490,-226.652,817.325
S63.SI,SGD,8.08,small,19,9.658,37.334,647,-262.086,916.351
J36.SI,USD,63.70,mid,9,7.741,21.343,679,-220.527,837.399
M44U.SI,SGD,0.94,micro,8,-12.107,20.255,453,-582.834,1414.683
N2IU.SI,SGD,1.00,micro,20,7.717,36.569,395,-515.397,1280.607
