ticker,tier,nS,sumS,sqS,nC,sumC,sqC
SHEL.L,large,50,-94.098,606.241,731,-134.546,1853.496
AZN.L,large,13,4.363,36.532,860,-210.941,1264.830
HSBA.L,large,24,16.510,86.062,992,-199.323,1696.391
ULVR.L,large,10,2.215,31.271,983,-359.264,1216.297
BP.L,large,15,-9.901,14.180,973,-132.515,1660.109
RIO.L,large,14,-9.155,14.463,972,-195.165,1510.252
GSK.L,large,15,9.955,31.701,976,-208.487,1428.259
DGE.L,large,15,0.540,22.821,981,-342.240,1205.311
BATS.L,large,23,7.961,63.372,805,-214.322,1088.345
GLEN.L,large,16,-17.004,18.096,380,-46.154,579.948
REL.L,large,5,2.510,12.360,972,-152.528,1984.321
LSEG.L,large,27,1.173,71.464,638,-78.808,1086.148
NG.L,large,8,-3.249,8.444,798,-173.351,1353.540
RKT.L,large,28,7.387,63.173,974,-302.643,1460.218
VOD.L,large,39,9.319,59.918,964,-166.874,1555.605
BARC.L,large,21,6.026,45.680,974,-201.346,1660.684
LLOY.L,large,18,-4.448,19.695,786,-179.108,1186.301
PRU.L,large,3,-1.159,1.252,971,-213.600,1552.825
AAL.L,large,9,-4.868,7.972,714,-114.837,1078.485
TSCO.L,large,36,-18.203,44.308,972,-285.628,1474.416
IMB.L,large,21,1.668,32.289,746,-256.240,1121.573
CPG.L,mid,9,-1.522,1.686,671,-249.909,800.336
BA.L,large,22,-5.985,27.718,984,-142.235,1574.900
STAN.L,large,22,-10.238,38.029,997,-168.055,1947.857
NWG.L,large,23,5.743,40.425,979,-108.650,1593.578
HLN.L,large,0,0.000,0.000,82,-12.049,109.951
SGE.L,large,29,-23.498,41.435,939,-230.666,1707.613
INF.L,large,22,-1.892,37.445,683,-174.734,1057.620
WPP.L,large,16,4.197,22.409,798,-134.169,1156.508
ANTO.L,large,96,-17.016,230.261,986,-80.198,2185.837
FRES.L,large,10,-3.826,14.130,442,-79.107,630.564
SSE.L,large,32,-11.089,89.180,910,-221.330,1442.204
AV.L,large,11,-4.630,18.361,975,-219.510,1632.043
LGEN.L,large,3,-0.944,2.848,974,-180.084,1787.368
ABF.L,large,17,-4.018,30.494,987,-207.557,1683.850
WTB.L,large,25,0.675,37.219,979,-216.330,1563.833
ITRK.L,large,6,3.398,8.278,606,-152.085,900.430
SMIN.L,large,16,-4.011,38.850,976,-172.805,1686.232
HL.L,skip,0,0,0,0,0,0
JD.L,mid,137,-19.440,296.545,757,-153.270,1243.337
NXT.L,large,18,6.038,50.131,995,-218.679,1641.452
CRDA.L,large,58,12.547,104.794,968,-90.022,1843.178
MNDI.L,large,14,1.725,20.896,474,-73.194,641.912
PSN.L,large,94,16.980,275.553,981,-123.910,1853.354
BDEV.L,skip,0,0,0,0,0,0
RTO.L,large,21,-7.996,23.455,968,-169.752,1631.520
DCC.L,large,3,0.529,0.263,686,-177.382,959.200
BNZL.L,large,34,11.905,89.443,983,-164.202,1764.063
SVT.L,large,26,-5.499,35.619,924,-246.328,1242.220
UU.L,large,21,-5.490,36.362,939,-169.980,1424.751
SAP.DE,large,15,-11.202,15.272,716,-171.765,1079.985
SIE.DE,large,10,-11.141,12.461,767,-160.009,1217.271
ALV.DE,large,19,-7.867,16.440,751,-101.414,1207.981
DTE.DE,mid,19,-4.516,46.709,769,-124.278,1257.344
AIR.DE,large,19,3.472,30.489,684,-171.863,1065.898
MBG.DE,mid,29,-18.696,33.369,771,-89.949,1202.426
BMW.DE,mid,16,4.610,25.567,747,-131.541,1064.417
BAS.DE,mid,16,-9.964,21.893,769,-201.332,1087.832
BAYN.DE,mid,26,11.124,78.884,769,-154.611,1196.838
VOW3.DE,mid,38,-16.172,49.705,687,-40.228,1122.230
ADS.DE,large,28,7.677,70.281,719,-131.106,1174.164
MRK.DE,large,8,11.786,37.674,740,-186.820,1072.039
DB1.DE,large,28,-27.640,31.140,624,-151.443,866.485
IFX.DE,mid,40,-6.429,62.012,670,-112.998,1100.050
MUV2.DE,large,14,-12.317,14.363,732,-181.040,1077.313
DHL.DE,mid,11,-5.528,17.899,641,-97.765,1145.544
RWE.DE,mid,18,-12.247,18.671,754,-48.785,1168.722
EOAN.DE,small,15,2.915,11.575,674,-95.417,1024.606
HEN3.DE,mid,18,1.485,29.617,719,-134.847,1004.738
BEI.DE,mid,9,-7.853,11.327,710,-113.089,1068.955
CON.DE,mid,34,2.150,61.711,768,-164.723,1108.045
DBK.DE,mid,18,11.407,58.782,747,-113.599,1144.099
VNA.DE,mid,3,-0.233,1.520,332,-79.763,476.637
HNR1.DE,large,3,2.350,7.537,649,-154.269,946.533
SY1.DE,mid,6,-3.844,3.007,502,-107.229,744.428
PAH3.DE,mid,17,16.261,44.865,409,-21.810,693.190
ZAL.DE,mid,14,-9.237,14.637,293,-21.400,528.539
MTX.DE,large,10,-0.899,18.033,533,-165.066,797.180
FRE.DE,mid,30,-8.611,35.948,707,-140.061,1128.462
SHL.DE,mid,4,-0.479,0.094,209,-19.643,369.446
HEI.DE,large,30,-1.521,32.586,695,-161.802,1021.478
PUM.DE,mid,15,-2.539,16.778,763,-94.566,1145.725
MC.PA,large,5,-0.532,1.667,701,-107.641,1137.467
OR.PA,large,7,2.587,2.393,660,-174.366,756.292
RMS.PA,large,21,-0.741,25.313,677,-121.289,968.906
TTE.PA,mid,21,-1.303,25.064,691,-72.022,1093.336
SAN.PA,mid,25,12.398,62.006,672,-84.324,993.553
AI.PA,large,8,-8.892,9.886,677,-186.346,810.897
SU.PA,large,7,2.164,6.351,673,-184.331,904.224
EL.PA,large,4,-0.480,11.631,679,-237.922,921.846
CS.PA,mid,32,-10.628,18.007,931,-176.880,1565.194
BNP.PA,large,41,20.691,133.035,844,-86.830,1393.589
DG.PA,large,4,-2.200,4.828,655,-75.881,1107.804
SAF.PA,large,23,11.674,18.222,695,-154.411,980.382
BN.PA,mid,35,3.353,109.649,947,-205.805,1386.921
KER.PA,large,19,2.931,31.254,675,-85.678,1134.321
ENGI.PA,mid,21,-6.545,21.806,675,-111.121,1044.196
VIE.PA,mid,26,-15.810,19.203,679,-99.737,1111.195
ORA.PA,small,20,-8.729,22.431,667,-74.600,1077.635
ACA.PA,small,22,13.074,21.724,636,-76.152,1055.713
GLE.PA,mid,26,14.160,54.116,691,-105.905,1203.924
STLA.PA,skip,0,0,0,0,0,0
CAP.PA,large,20,-5.823,37.217,655,-121.805,1036.489
PUB.PA,large,8,1.125,19.966,665,-32.835,1154.082
LR.PA,large,6,-4.704,4.458,503,-174.240,687.638
HO.PA,large,26,-17.999,28.759,696,-84.081,994.282
ML.PA,mid,14,-14.256,16.794,688,-209.159,863.003
RI.PA,mid,11,12.996,49.069,661,-155.105,912.589
DSY.PA,mid,12,13.348,32.248,685,-173.320,1007.802
ASML.AS,large,11,6.708,28.503,723,-165.468,1068.974
PRX.AS,mid,2,-2.080,2.163,168,-7.129,280.400
INGA.AS,mid,14,3.782,7.531,780,-165.433,1377.877
ADYEN.AS,large,31,-14.425,36.959,222,-15.331,345.316
AD.AS,mid,5,-3.818,3.987,423,-114.909,653.310
PHIA.AS,mid,14,-5.699,21.192,811,-206.961,1329.556
HEIA.AS,mid,37,-12.860,26.886,816,-189.641,1164.609
WKL.AS,mid,7,-4.392,6.158,794,-223.419,1113.499
UNA.AS,mid,0,0.000,0.000,129,-20.672,202.992
ABN.AS,mid,13,6.181,23.532,284,-82.973,446.669
AKZA.AS,mid,8,0.010,8.768,786,-83.242,1364.231
RAND.AS,mid,22,4.348,38.627,804,-122.712,1315.990
KPN.AS,micro,14,-9.563,15.679,805,-429.403,1522.278
NESN.SW,mid,24,-22.559,30.069,941,-207.843,1798.719
ROG.SW,skip,0,0,0,0,0,0
NOVN.SW,large,15,5.541,32.959,803,-175.174,1229.554
UBSG.SW,mid,19,34.661,106.001,782,-78.871,1405.831
ZURN.SW,large,18,-5.828,17.434,707,-157.199,1233.322
ABBN.SW,mid,17,-0.152,20.428,687,-104.450,1261.171
CFR.SW,large,14,4.313,22.082,782,-164.084,1287.587
SIKA.SW,large,6,10.081,18.542,801,-270.497,1171.619
LONN.SW,large,33,-1.050,45.979,697,-147.169,1107.225
GIVN.SW,large,5,3.746,8.606,651,-139.946,910.311
SREN.SW,large,27,8.920,77.926,793,-123.947,1516.852
ALC.SW,mid,0,0.000,0.000,173,-19.058,322.752
PGHN.SW,large,26,-18.819,29.760,523,-87.408,1007.769
SCMN.SW,large,14,-0.106,26.372,675,-116.267,997.967
GEBN.SW,large,17,-5.517,9.738,718,-185.549,1134.067
SLHN.SW,large,44,-20.407,38.806,808,-129.173,1521.446
HOLN.SW,mid,15,2.729,34.703,612,-73.330,1087.603
ENEL.MI,small,11,-1.025,8.541,691,-216.313,1144.387
ISP.MI,small,7,-3.408,4.442,812,-194.757,1280.645
UCG.MI,mid,22,-11.276,21.462,651,-23.536,1132.898
ENI.MI,mid,10,-10.033,10.396,786,-229.146,1181.328
RACE.MI,large,0,0.000,0.000,257,-119.056,347.908
G.MI,mid,24,-0.832,31.819,1041,-160.423,1847.298
STM.MI,skip,0,0,0,0,0,0
FBK.MI,mid,3,8.583,24.556,302,-74.576,465.125
PST.MI,mid,3,4.974,8.434,250,-110.796,366.517
TRN.MI,small,0,0.000,0.000,551,-259.197,839.390
MONC.MI,mid,13,2.565,19.207,322,-101.885,404.950
SRG.MI,small,17,-1.082,63.948,621,-274.152,931.745
CNHI.MI,skip,0,0,0,0,0,0
ITX.MC,mid,14,-2.003,24.572,640,-149.947,906.316
IBE.MC,mid,3,-1.439,1.352,672,-153.178,951.905
SAN.MC,small,20,-7.724,22.654,674,-124.666,1064.611
BBVA.MC,mid,15,-0.888,19.286,708,-112.764,1142.935
TEF.MC,micro,17,-1.964,31.758,651,-203.218,1240.112
AENA.MC,mid,11,-1.531,12.993,296,-47.833,546.399
FER.MC,mid,22,-15.001,17.713,673,-234.859,937.944
REP.MC,mid,7,-0.541,9.560,675,-126.435,1046.372
ELE.MC,mid,23,8.655,55.142,679,-217.640,952.559
CABK.MC,small,12,-9.117,9.759,469,-110.755,740.459
AMS.MC,mid,3,-3.307,3.646,405,-97.443,623.934
ACS.MC,large,7,-0.590,1.346,631,-99.924,1084.775
INVE-B.ST,large,3,5.706,10.871,660,-259.340,1005.917
ATCO-A.ST,large,2,-0.274,1.841,674,-233.971,927.652
VOLV-B.ST,large,16,6.440,41.710,688,-55.740,1333.416
ERIC-B.ST,mid,32,2.371,56.793,647,-58.778,1094.556
HM-B.ST,large,9,20.886,51.689,681,-87.106,1112.803
SEB-A.ST,large,10,-9.669,10.981,685,-90.929,1175.405
SAND.ST,large,7,-7.000,7.601,648,-128.779,1009.956
ESSITY-B.ST,large,15,4.426,20.355,209,-61.181,278.361
TELIA.ST,mid,5,5.110,12.713,666,-132.166,1014.695
SWED-A.ST,large,22,8.094,52.713,691,-159.498,1149.365
7203.T,large,18,-17.666,19.808,654,-74.784,1091.483
6758.T,large,27,-5.854,24.733,668,-74.205,1168.360
9984.T,large,32,-2.516,45.080,662,-51.165,1185.483
6861.T,large,3,-2.354,2.052,621,-130.592,958.546
8306.T,large,23,25.119,76.115,525,-66.279,904.020
9432.T,large,19,-1.978,12.391,646,-70.702,1030.765
6098.T,large,9,2.542,23.096,276,-68.459,443.580
8035.T,large,18,-5.241,23.858,653,-103.922,1071.350
4063.T,large,1,-0.238,0.057,680,-141.115,1049.869
9433.T,large,22,-10.203,36.526,637,-98.185,976.916
8058.T,large,22,-5.925,53.338,673,-130.582,1145.737
7974.T,large,21,-4.077,49.002,626,-114.531,1018.280
6501.T,large,11,11.802,34.318,652,-68.411,1165.488
6902.T,large,12,-5.000,28.342,676,-110.065,1111.105
4568.T,large,24,-12.299,33.838,641,-86.968,1051.378
8316.T,large,47,12.590,87.547,672,-134.915,1055.277
7267.T,large,18,-1.819,26.438,666,-119.605,1059.097
6367.T,large,12,9.700,36.321,651,-141.507,974.197
6954.T,large,0,0.000,0.000,656,-133.671,939.604
6981.T,large,12,-11.864,13.187,623,-63.106,1087.214
7741.T,large,3,-1.066,3.691,635,-199.646,932.730
4661.T,large,30,4.195,60.509,651,-103.124,1023.962
8001.T,large,12,-9.188,12.613,651,-183.707,976.227
8031.T,large,11,-7.624,9.943,656,-159.994,1130.443
9022.T,large,16,4.682,37.631,623,-109.600,953.381
4519.T,large,24,-19.290,33.244,657,-85.849,1056.531
6273.T,large,4,-4.336,4.701,659,-147.859,1019.249
6146.T,large,8,2.262,3.294,621,-119.693,1000.338
7011.T,large,21,-10.059,24.219,655,-100.646,1054.066
6702.T,large,12,1.515,31.791,647,-54.817,1133.630
0700.HK,large,9,-9.658,10.368,558,-173.870,772.910
0941.HK,mid,16,-0.968,25.170,660,-61.006,1019.663
1299.HK,mid,6,5.027,9.809,365,-29.581,530.270
0005.HK,large,28,-13.855,33.386,664,-87.249,1259.337
0939.HK,small,21,-18.557,26.971,499,-113.507,808.208
1398.HK,small,22,-12.568,21.097,468,-129.028,710.124
3690.HK,mid,3,-1.480,2.653,208,-28.220,309.371
9988.HK,large,0,0.000,0.000,145,22.295,249.809
0388.HK,large,15,-0.496,11.703,621,-93.064,994.393
2318.HK,mid,13,-4.620,13.835,542,-59.791,855.870
1810.HK,mid,2,2.640,3.945,179,-40.285,231.874
0016.HK,large,17,4.974,44.122,679,-84.322,1142.655
0001.HK,mid,31,-25.695,47.209,638,-63.028,1028.027
0027.HK,mid,16,9.332,48.139,663,-174.442,963.564
0011.HK,skip,0,0,0,0,0,0
1113.HK,mid,9,8.232,18.334,262,-47.495,424.702
2382.HK,mid,11,-7.625,11.356,465,-103.340,684.860
0175.HK,small,40,-25.116,40.570,498,-35.672,765.167
9618.HK,large,0,0.000,0.000,134,4.821,245.050
3988.HK,small,26,-14.368,48.458,503,-162.377,754.133
2628.HK,mid,15,2.159,10.095,544,-52.888,840.418
BHP.AX,mid,143,-285.299,2701.076,901,-618.226,6739.789
CBA.AX,large,42,-2.507,69.497,834,-426.005,3215.401
CSL.AX,large,12,-9.005,11.055,757,-254.343,1944.677
NAB.AX,mid,117,-319.562,3461.430,902,-462.828,3962.567
WBC.AX,mid,207,-364.120,6268.384,895,-569.180,9758.009
ANZ.AX,mid,139,-67.354,520.906,897,-444.159,3515.755
WES.AX,mid,217,-96.799,1303.436,887,-349.283,2498.148
MQG.AX,large,26,-33.658,61.730,743,-217.880,1473.924
FMG.AX,small,127,93.157,402.150,816,-70.741,1584.724
WOW.AX,mid,65,-52.525,216.030,806,-462.370,1776.631
TLS.AX,micro,27,-5.617,29.071,736,-534.928,1533.595
GMG.AX,mid,3,-1.564,2.475,516,-190.692,721.619
RIO.AX,large,178,-264.643,1919.779,901,-394.352,3941.074
WDS.AX,mid,139,-199.469,989.839,880,-392.392,4318.799
TCL.AX,small,10,-10.179,12.848,755,-441.718,2536.562
ALL.AX,mid,33,32.733,115.691,755,-231.782,1288.198
COL.AX,mid,2,1.021,0.688,167,-24.621,250.313
STO.AX,small,137,-169.730,1468.413,906,-1050.748,16810.989
QBE.AX,mid,87,-99.851,399.743,876,-393.846,2697.594
REA.AX,large,11,-6.101,14.661,701,-194.081,1027.226
WTC.AX,mid,6,-1.876,1.938,225,-30.419,410.974
RY.TO,large,5,-3.147,6.280,806,-296.173,1194.391
TD.TO,large,12,-8.202,13.974,773,-234.059,1298.545
ENB.TO,mid,2,-2.231,2.489,793,-249.402,1069.932
BN.TO,mid,10,8.058,25.887,794,-243.027,1088.275
CNR.TO,large,9,-9.053,9.757,753,-284.424,996.897
BMO.TO,large,20,2.404,42.216,784,-287.103,1223.523
CP.TO,large,2,-0.989,1.098,625,-202.115,796.523
CNQ.TO,mid,10,5.141,18.059,804,-197.075,1183.698
BNS.TO,large,22,13.964,64.149,770,-231.523,1188.191
TRP.TO,mid,5,8.326,23.279,795,-194.267,1055.007
SU.TO,mid,15,7.484,24.313,796,-130.799,1257.908
ATD.TO,mid,24,-35.056,63.109,742,-205.141,1328.642
CM.TO,large,37,12.622,85.290,789,-182.728,1305.927
MFC.TO,mid,28,4.171,41.841,674,-160.201,1084.408
SHOP.TO,large,0,0.000,0.000,262,-72.208,427.782
NTR.TO,mid,11,4.170,10.326,200,-24.446,302.717
TRI.TO,large,6,-6.130,6.516,467,-176.435,613.138
WCN.TO,large,16,18.583,54.815,584,-169.658,821.335
GWO.TO,mid,25,-0.509,46.095,601,-179.890,852.713
FNV.TO,large,13,-7.046,14.415,460,-97.189,652.709
AEM.TO,large,8,2.016,21.797,787,-74.728,1240.537
CVE.TO,mid,19,-2.155,18.803,414,-33.794,624.790
IMO.TO,large,17,-1.408,32.316,789,-246.751,1099.734
BCE.TO,mid,24,-1.773,26.623,763,-277.562,1241.889
MG.TO,mid,10,-2.061,7.009,528,-74.313,862.747
DOL.TO,large,1,-1.063,1.130,439,-228.025,551.284
RELIANCE.NS,large,9,-6.127,7.152,744,-167.755,1063.425
TCS.NS,large,5,-3.037,2.693,575,-182.229,756.112
HDFCBANK.NS,large,10,10.839,35.697,776,-257.443,973.855
INFY.NS,large,10,-5.481,17.323,748,-261.742,1090.219
ICICIBANK.NS,large,8,-4.471,16.137,600,-189.227,755.209
BHARTIARTL.NS,large,3,-2.474,2.399,583,-154.412,667.443
SBIN.NS,large,29,-11.351,49.692,773,-143.521,1124.325
LT.NS,large,13,-12.366,13.131,593,-121.652,911.402
ITC.NS,large,8,2.432,10.524,755,-175.894,948.913
HINDUNILVR.NS,large,18,-8.473,13.261,777,-128.638,1098.908
BAJFINANCE.NS,large,15,-9.272,13.166,597,-171.608,780.676
KOTAKBANK.NS,large,6,1.388,19.186,603,-190.288,737.424
AXISBANK.NS,large,12,5.511,34.603,704,-183.431,915.012
ASIANPAINT.NS,large,18,-15.002,19.143,591,-205.370,814.133
MARUTI.NS,large,10,-4.728,16.555,553,-126.097,794.818
SUNPHARMA.NS,large,11,-7.842,12.342,778,-243.835,1032.156
TITAN.NS,large,17,-8.561,30.008,755,-221.493,1024.232
WIPRO.NS,large,43,31.878,122.092,774,-136.053,1107.273
ONGC.NS,large,18,-1.493,32.603,766,-152.397,1037.607
NTPC.NS,large,11,-1.620,12.039,526,-94.398,612.691
005930.KS,large,22,-1.267,34.949,654,-167.199,902.723
000660.KS,large,34,-14.212,47.024,686,-64.411,1092.814
373220.KS,large,0,0.000,0.000,92,-3.506,112.239
207940.KS,large,4,0.461,10.926,214,-16.310,321.679
005380.KS,large,17,12.431,37.709,661,-137.344,864.797
051910.KS,large,17,1.186,13.911,611,-64.621,879.373
006400.KS,large,40,-20.869,36.004,677,-107.898,985.010
035420.KS,large,6,-3.906,7.290,567,-111.146,656.355
000270.KS,large,28,0.186,46.742,664,-106.307,973.784
068270.KS,large,17,-5.143,20.439,513,-80.065,659.050
105560.KS,large,81,-62.759,389.558,528,-134.517,922.871
055550.KS,large,7,11.818,33.374,661,-130.684,808.007
012330.KS,large,17,-1.773,23.475,657,-222.547,799.800
028260.KS,large,10,-0.893,6.105,268,-59.559,319.391
2330.TW,large,14,2.842,18.996,668,-186.584,955.684
2317.TW,large,36,3.254,89.452,844,-189.215,1370.414
2454.TW,large,24,10.235,45.309,602,-47.401,1061.038
2308.TW,large,21,-14.431,26.415,669,-128.134,980.184
2382.TW,large,16,-13.764,17.998,662,-98.060,1120.072
2412.TW,large,13,13.216,49.764,619,-288.508,791.885
2881.TW,large,17,1.642,40.752,620,-170.571,864.040
2882.TW,mid,13,0.959,25.665,636,-67.164,1011.327
3711.TW,large,14,-2.801,37.802,674,-108.917,1129.193
1301.TW,mid,18,-5.739,22.004,658,-107.103,1052.192
2303.TW,large,23,1.609,31.360,652,-49.790,1128.340
2886.TW,mid,20,-7.406,17.226,650,-142.439,986.755
2891.TW,mid,5,-0.830,1.814,587,-134.018,912.951
3008.TW,large,30,9.366,45.612,604,-78.929,942.161
PETR4.SA,mid,34,-18.678,33.666,664,-99.403,1074.396
VALE3.SA,mid,10,-4.237,12.350,659,-110.494,977.914
ITUB4.SA,mid,18,4.121,25.092,653,-155.604,887.374
BBDC4.SA,small,40,-25.716,55.894,427,-58.452,613.648
B3SA3.SA,small,11,-10.215,12.188,474,-107.429,632.201
ABEV3.SA,small,23,-10.136,39.761,653,-229.378,939.291
WEGE3.SA,mid,26,-50.244,206.595,566,-308.542,5920.493
RENT3.SA,mid,1,-1.059,1.121,504,-117.822,604.610
BBAS3.SA,mid,15,-2.206,19.734,662,-107.512,1008.667
PRIO3.SA,mid,30,13.453,49.246,377,-38.768,587.966
ITSA4.SA,small,10,-2.346,7.874,672,-282.431,866.533
SUZB3.SA,mid,6,-3.065,1.956,226,-16.810,307.682
JBSS3.SA,skip,0,0,0,0,0,0
RADL3.SA,mid,68,-183.562,1811.601,527,-175.925,1737.391
NPN.JO,large,29,-27.987,30.531,676,-135.800,1029.213
PRX.JO,large,4,-4.107,4.218,163,-34.691,208.388
FSR.JO,large,1,0.403,0.163,674,-182.093,848.881
SBK.JO,large,2,-0.213,0.030,681,-165.241,855.910
ABG.JO,large,10,-8.841,9.141,669,-179.327,776.243
MTN.JO,large,12,-0.593,25.673,681,-164.769,887.511
CFR.JO,large,0,0.000,0.000,62,-14.071,106.905
AGL.JO,large,10,-9.239,9.850,677,-93.193,1078.874
BTI.JO,large,21,-6.847,12.128,678,-241.430,892.090
SOL.JO,large,27,21.844,73.422,692,-97.680,955.512
SHP.JO,large,11,-6.610,18.648,656,-170.694,795.698
GFI.JO,large,19,1.504,31.990,678,-55.368,1076.587
ANG.JO,large,43,19.596,91.000,694,-115.762,1040.141
IMP.JO,large,24,-15.071,26.621,664,-30.944,980.047
VOD.JO,large,4,2.206,5.459,593,-132.149,706.227
D05.SI,mid,20,-8.924,17.233,656,-208.330,976.128
O39.SI,mid,15,-10.528,14.600,671,-209.768,1021.680
U11.SI,mid,20,-8.552,34.005,697,-180.822,1057.537
Z74.SI,micro,6,-8.055,10.815,527,-322.101,927.383
C6L.SI,small,17,-12.090,15.289,666,-222.408,1066.655
F34.SI,micro,14,-5.852,22.890,491,-312.433,865.369
C38U.SI,micro,19,17.664,39.059,480,-286.144,717.482
A17U.SI,micro,6,-3.479,5.552,507,-324.244,842.925
